[
    {
        "atime": "2017-12-31T15:26:26Z",
        "cities": [
            {
                "name": {
                    "en": "Chelyabinsk",
                    "ru": "Челябинск"
                },
                "path": "chelyabinsk"
            }
        ],
        "name": {
            "en": "City administration of Chelyabinsk",
            "ru": "Администрация города Челябинска"
        },
        "type": "awc",
        "url": {
            "domain": "cheladmin.ru",
            "root": {
                "en": "https://cheladmin.ru/en/",
                "ru": "https://cheladmin.ru/ru/"
            }
        }
    },
    {
        "atime": "2017-11-21T15:24:56Z",
        "cities": [
            {
                "name": {
                    "en": "Chelyabinsk",
                    "ru": "Челябинск"
                },
                "path": "chelyabinsk"
            },
            {
                "name": {
                    "en": "Magnitogorsk",
                    "ru": "Магнитогорск"
                },
                "path": "magnitogorsk"
            },
            {
                "name": {
                    "en": "Karabash",
                    "ru": "Карабаш"
                },
                "path": "karabash"
            },
            {
                "name": {
                    "en": "Korkino",
                    "ru": "Коркино"
                },
                "path": "korkino"
            },
            {
                "name": {
                    "en": "Satka",
                    "ru": "Сатка"
                },
                "path": "satka"
            },
            {
                "name": {
                    "en": "Troitsk",
                    "ru": "Троицк"
                },
                "path": "troitsk"
            }
        ],
        "name": {
            "en": "Ministry of Ecology of the Chelyabinsk region",
            "ru": "Министерство экологии Челябинской области"
        },
        "type": "awc",
        "url": {
            "domain": "mineco174.eps74.ru",
            "root": {
                "ru": "http://mineco174.eps74.ru/"
            }
        }
    },
    {
        "atime": "2017-12-31T15:26:26Z",
        "cities": [
            {
                "name": {
                    "en": "Chelyabinsk",
                    "ru": "Челябинск"
                },
                "path": "chelyabinsk"
            }
        ],
        "name": {
            "en": "Hydrometeorological Center of the Chelyabinsk",
            "ru": "Челябинский гидрометеоцентр"
        },
        "type": "awc",
        "url": {
            "domain": "chelpogoda.ru",
            "root": {
                "ru": "http://www.chelpogoda.ru/"
            }
        }
    },
    {
        "atime": "2017-12-31T15:26:40Z",
        "cities": [
            {
                "name": {
                    "en": "Pereval",
                    "ru": "Перевал"
                },
                "path": "pereval"
            },
            {
                "name": {
                    "en": "Ura-Guba",
                    "ru": "Ура-Губа"
                },
                "path": "ura-guba"
            },
            {
                "name": {
                    "en": "Poljarnyj",
                    "ru": "Полярный"
                },
                "path": "poljarnyj"
            },
            {
                "name": {
                    "en": "Kovdor",
                    "ru": "Ковдор"
                },
                "path": "kovdor"
            },
            {
                "name": {
                    "en": "Monchegorsk",
                    "ru": "Мончегорск"
                },
                "path": "monchegorsk"
            },
            {
                "name": {
                    "en": "Apatity",
                    "ru": "Апатиты"
                },
                "path": "apatity"
            },
            {
                "name": {
                    "en": "Zasheek",
                    "ru": "Зашеек"
                },
                "path": "zasheek"
            },
            {
                "name": {
                    "en": "Kandalaksha",
                    "ru": "Кандалакша"
                },
                "path": "kandalaksha"
            },
            {
                "name": {
                    "en": "Zarechensk",
                    "ru": "Зареченск"
                },
                "path": "zarechensk"
            },
            {
                "name": {
                    "en": "Kovda",
                    "ru": "Ковда"
                },
                "path": "kovda"
            },
            {
                "name": {
                    "en": "Unskij Majak",
                    "ru": "Унский Маяк"
                },
                "path": "unskij-majak"
            },
            {
                "name": {
                    "en": "Severodvinsk",
                    "ru": "Северодвинск"
                },
                "path": "severodvinsk"
            },
            {
                "name": {
                    "en": "Arhangel'sk",
                    "ru": "Архангельск"
                },
                "path": "arhangelsk"
            },
            {
                "name": {
                    "en": "Mud'jug",
                    "ru": "Мудьюг"
                },
                "path": "mudjug"
            },
            {
                "name": {
                    "en": "Holmogory",
                    "ru": "Холмогоры"
                },
                "path": "holmogory"
            },
            {
                "name": {
                    "en": "Onega",
                    "ru": "Онега"
                },
                "path": "onega"
            },
            {
                "name": {
                    "en": "Petrozavodsk",
                    "ru": "Петрозаводск"
                },
                "path": "petrozavodsk"
            },
            {
                "name": {
                    "en": "Sosnovo",
                    "ru": "Сосново"
                },
                "path": "sosnovo"
            },
            {
                "name": {
                    "en": "Vyborg",
                    "ru": "Выборг"
                },
                "path": "vyborg"
            },
            {
                "name": {
                    "en": "Ozerki",
                    "ru": "Озерки"
                },
                "path": "ozerki"
            },
            {
                "name": {
                    "en": "Susuman",
                    "ru": "Сусуман"
                },
                "path": "susuman"
            },
            {
                "name": {
                    "en": "Jagodnoe",
                    "ru": "Ягодное"
                },
                "path": "jagodnoe"
            },
            {
                "name": {
                    "en": "Ust'-Omchug",
                    "ru": "Усть-Омчуг"
                },
                "path": "ust-omchug"
            },
            {
                "name": {
                    "en": "Jakutsk",
                    "ru": "Якутск"
                },
                "path": "jakutsk"
            },
            {
                "name": {
                    "en": "Pevek",
                    "ru": "Певек"
                },
                "path": "pevek"
            },
            {
                "name": {
                    "en": "Ostrovnoe",
                    "ru": "Островное"
                },
                "path": "ostrovnoe"
            },
            {
                "name": {
                    "en": "Bilibino",
                    "ru": "Билибино"
                },
                "path": "bilibino"
            },
            {
                "name": {
                    "en": "Ilirnej",
                    "ru": "Илирней"
                },
                "path": "ilirnej"
            },
            {
                "name": {
                    "en": "Baimka",
                    "ru": "Баимка"
                },
                "path": "baimka"
            },
            {
                "name": {
                    "en": "Sejmchan",
                    "ru": "Сеймчан"
                },
                "path": "sejmchan"
            },
            {
                "name": {
                    "en": "Omsukchan",
                    "ru": "Омсукчан"
                },
                "path": "omsukchan"
            },
            {
                "name": {
                    "en": "Talaja",
                    "ru": "Талая"
                },
                "path": "talaja"
            },
            {
                "name": {
                    "en": "Ehvensk",
                    "ru": "Эвенск"
                },
                "path": "ehvensk"
            },
            {
                "name": {
                    "en": "Palatka",
                    "ru": "Палатка"
                },
                "path": "palatka"
            },
            {
                "name": {
                    "en": "Ola",
                    "ru": "Ола"
                },
                "path": "ola"
            },
            {
                "name": {
                    "en": "Magadan",
                    "ru": "Магадан"
                },
                "path": "magadan"
            },
            {
                "name": {
                    "en": "Mys Brat'ev",
                    "ru": "Мыс Братьев"
                },
                "path": "mys-bratev"
            },
            {
                "name": {
                    "en": "Brohovo",
                    "ru": "Брохово"
                },
                "path": "brohovo"
            },
            {
                "name": {
                    "en": "Kingisepp",
                    "ru": "Кингисепп"
                },
                "path": "kingisepp"
            },
            {
                "name": {
                    "en": "Kronshtadt",
                    "ru": "Кронштадт"
                },
                "path": "kronshtadt"
            },
            {
                "name": {
                    "en": "Sankt-Peterburg ICP",
                    "ru": "Санкт-Петербург ИЦП"
                },
                "path": "sankt-peterburg-icp"
            },
            {
                "name": {
                    "en": "Lomonosov",
                    "ru": "Ломоносов"
                },
                "path": "lomonosov"
            },
            {
                "name": {
                    "en": "Volosovo",
                    "ru": "Волосово"
                },
                "path": "volosovo"
            },
            {
                "name": {
                    "en": "Belogorka",
                    "ru": "Белогорка"
                },
                "path": "belogorka"
            },
            {
                "name": {
                    "en": "Novgorod",
                    "ru": "Новгород"
                },
                "path": "novgorod"
            },
            {
                "name": {
                    "en": "Pskov",
                    "ru": "Псков"
                },
                "path": "pskov"
            },
            {
                "name": {
                    "en": "Borovichi",
                    "ru": "Боровичи"
                },
                "path": "borovichi"
            },
            {
                "name": {
                    "en": "Bologoe",
                    "ru": "Бологое"
                },
                "path": "bologoe"
            },
            {
                "name": {
                    "en": "Ostashkov",
                    "ru": "Осташков"
                },
                "path": "ostashkov"
            },
            {
                "name": {
                    "en": "Vyshnij Volochek",
                    "ru": "Вышний Волочек"
                },
                "path": "vyshnij-volochek"
            },
            {
                "name": {
                    "en": "Toropec",
                    "ru": "Торопец"
                },
                "path": "toropec"
            },
            {
                "name": {
                    "en": "Starica",
                    "ru": "Старица"
                },
                "path": "starica"
            },
            {
                "name": {
                    "en": "Velizh",
                    "ru": "Велиж"
                },
                "path": "velizh"
            },
            {
                "name": {
                    "en": "Belyj",
                    "ru": "Белый"
                },
                "path": "belyj"
            },
            {
                "name": {
                    "en": "Pionerskij",
                    "ru": "Пионерский"
                },
                "path": "pionerskij"
            },
            {
                "name": {
                    "en": "Sovetsk",
                    "ru": "Советск"
                },
                "path": "sovetsk"
            },
            {
                "name": {
                    "en": "Safonovo",
                    "ru": "Сафоново"
                },
                "path": "safonovo"
            },
            {
                "name": {
                    "en": "Vjaz'ma",
                    "ru": "Вязьма"
                },
                "path": "vjazma"
            },
            {
                "name": {
                    "en": "Baltijsk",
                    "ru": "Балтийск"
                },
                "path": "baltijsk"
            },
            {
                "name": {
                    "en": "Kaliningrad",
                    "ru": "Калининград"
                },
                "path": "kaliningrad"
            },
            {
                "name": {
                    "en": "Mamonovo",
                    "ru": "Мaмoнoвo"
                },
                "path": "mamonovo"
            },
            {
                "name": {
                    "en": "Zheleznodorozhnyj",
                    "ru": "Железнодорожный"
                },
                "path": "zheleznodorozhnyj"
            },
            {
                "name": {
                    "en": "Chernjahovsk",
                    "ru": "Черняховск"
                },
                "path": "chernjahovsk"
            },
            {
                "name": {
                    "en": "Smolensk",
                    "ru": "Смоленск"
                },
                "path": "smolensk"
            },
            {
                "name": {
                    "en": "El'nja",
                    "ru": "Ельня"
                },
                "path": "elnja"
            },
            {
                "name": {
                    "en": "Pochinok",
                    "ru": "Починок"
                },
                "path": "pochinok"
            },
            {
                "name": {
                    "en": "Spas-Demensk",
                    "ru": "Спас-Деменск"
                },
                "path": "spas-demensk"
            },
            {
                "name": {
                    "en": "Roslavl'",
                    "ru": "Рославль"
                },
                "path": "roslavl"
            },
            {
                "name": {
                    "en": "Zhizdra",
                    "ru": "Жиздра"
                },
                "path": "zhizdra"
            },
            {
                "name": {
                    "en": "Ohony",
                    "ru": "Охоны"
                },
                "path": "ohony"
            },
            {
                "name": {
                    "en": "Maksatiha",
                    "ru": "Максатиха"
                },
                "path": "maksatiha"
            },
            {
                "name": {
                    "en": "Krasnyj Holm",
                    "ru": "Красный Холм"
                },
                "path": "krasnyj-holm"
            },
            {
                "name": {
                    "en": "Bezheck",
                    "ru": "Бежецк"
                },
                "path": "bezheck"
            },
            {
                "name": {
                    "en": "Kashin",
                    "ru": "Кашин"
                },
                "path": "kashin"
            },
            {
                "name": {
                    "en": "Krasnye Baki",
                    "ru": "Красные Баки"
                },
                "path": "krasnye-baki"
            },
            {
                "name": {
                    "en": "Torzhok",
                    "ru": "Торжок"
                },
                "path": "torzhok"
            },
            {
                "name": {
                    "en": "Tver'",
                    "ru": "Тверь"
                },
                "path": "tver"
            },
            {
                "name": {
                    "en": "Klin",
                    "ru": "Клин"
                },
                "path": "klin"
            },
            {
                "name": {
                    "en": "Dmitrov",
                    "ru": "Дмитров"
                },
                "path": "dmitrov"
            },
            {
                "name": {
                    "en": "Volzhskaja GMO",
                    "ru": "Волжская ГМО"
                },
                "path": "volzhskaja-gmo"
            },
            {
                "name": {
                    "en": "Semenov",
                    "ru": "Семенов"
                },
                "path": "semenov"
            },
            {
                "name": {
                    "en": "Voskresenskoe",
                    "ru": "Воскресенское"
                },
                "path": "voskresenskoe"
            },
            {
                "name": {
                    "en": "Volokolamsk",
                    "ru": "Волоколамск"
                },
                "path": "volokolamsk"
            },
            {
                "name": {
                    "en": "Gagarin",
                    "ru": "Гагарин"
                },
                "path": "gagarin"
            },
            {
                "name": {
                    "en": "Mozhajsk",
                    "ru": "Можайск"
                },
                "path": "mozhajsk"
            },
            {
                "name": {
                    "en": "Novo-Ierusalim",
                    "ru": "Ново-Иерусалим"
                },
                "path": "novo-ierusalim"
            },
            {
                "name": {
                    "en": "Nemchinovka",
                    "ru": "Немчиновка"
                },
                "path": "nemchinovka"
            },
            {
                "name": {
                    "en": "Podmoskovnaja",
                    "ru": "Подмосковная"
                },
                "path": "podmoskovnaja"
            },
            {
                "name": {
                    "en": "Pavlov Posad",
                    "ru": "Павлов Посад"
                },
                "path": "pavlov-posad"
            },
            {
                "name": {
                    "en": "Cherusti",
                    "ru": "Черусти"
                },
                "path": "cherusti"
            },
            {
                "name": {
                    "en": "Nizhnij Novgorod",
                    "ru": "Нижний Новгород"
                },
                "path": "nizhnij-novgorod"
            },
            {
                "name": {
                    "en": "Pavlovo",
                    "ru": "Павлово"
                },
                "path": "pavlovo"
            },
            {
                "name": {
                    "en": "Lyskovo",
                    "ru": "Лысково"
                },
                "path": "lyskovo"
            },
            {
                "name": {
                    "en": "Dal'n. Konstantinovo",
                    "ru": "Дальн. Константиново"
                },
                "path": "daln-konstantinovo"
            },
            {
                "name": {
                    "en": "Kazan'",
                    "ru": "Казань"
                },
                "path": "kazan"
            },
            {
                "name": {
                    "en": "Moskva Gost.Balchug",
                    "ru": "Москва Гост.Балчуг"
                },
                "path": "moskva-gost-balchug"
            },
            {
                "name": {
                    "en": "Malojaroslavec",
                    "ru": "Малоярославец"
                },
                "path": "malojaroslavec"
            },
            {
                "name": {
                    "en": "Naro-Fominsk",
                    "ru": "Наро-Фоминск"
                },
                "path": "naro-fominsk"
            },
            {
                "name": {
                    "en": "Moskva VDNH",
                    "ru": "Москва ВДНХ"
                },
                "path": "moskva-vdnh"
            },
            {
                "name": {
                    "en": "Serpuhov",
                    "ru": "Серпухов"
                },
                "path": "serpuhov"
            },
            {
                "name": {
                    "en": "Tushino",
                    "ru": "Тушино"
                },
                "path": "tushino"
            },
            {
                "name": {
                    "en": "Kolomna",
                    "ru": "Коломна"
                },
                "path": "kolomna"
            },
            {
                "name": {
                    "en": "Kashira",
                    "ru": "Кашира"
                },
                "path": "kashira"
            },
            {
                "name": {
                    "en": "Vyksa",
                    "ru": "Выкса"
                },
                "path": "vyksa"
            },
            {
                "name": {
                    "en": "Arzamas",
                    "ru": "Арзамас"
                },
                "path": "arzamas"
            },
            {
                "name": {
                    "en": "Lukojanov",
                    "ru": "Лукоянов"
                },
                "path": "lukojanov"
            },
            {
                "name": {
                    "en": "Mosal'sk",
                    "ru": "Мосальск"
                },
                "path": "mosalsk"
            },
            {
                "name": {
                    "en": "Kaluga",
                    "ru": "Калуга"
                },
                "path": "kaluga"
            },
            {
                "name": {
                    "en": "Suhinichi",
                    "ru": "Сухиничи"
                },
                "path": "suhinichi"
            },
            {
                "name": {
                    "en": "Suvorov",
                    "ru": "Суворов"
                },
                "path": "suvorov"
            },
            {
                "name": {
                    "en": "Tula",
                    "ru": "Тула"
                },
                "path": "tula"
            },
            {
                "name": {
                    "en": "Temnikov",
                    "ru": "Темников"
                },
                "path": "temnikov"
            },
            {
                "name": {
                    "en": "Krasnoslobodsk",
                    "ru": "Краснослободск"
                },
                "path": "krasnoslobodsk"
            },
            {
                "name": {
                    "en": "Ul'janovsk",
                    "ru": "Ульяновск"
                },
                "path": "uljanovsk"
            },
            {
                "name": {
                    "en": "Dimitrovgrad",
                    "ru": "Димитровград"
                },
                "path": "dimitrovgrad"
            },
            {
                "name": {
                    "en": "Plavsk",
                    "ru": "Плавск"
                },
                "path": "plavsk"
            },
            {
                "name": {
                    "en": "Uzlovaja",
                    "ru": "Узловая"
                },
                "path": "uzlovaja"
            },
            {
                "name": {
                    "en": "Volovo",
                    "ru": "Волово"
                },
                "path": "volovo"
            },
            {
                "name": {
                    "en": "Tol'jattinskaja",
                    "ru": "Тольяттинская"
                },
                "path": "toljattinskaja"
            },
            {
                "name": {
                    "en": "Sengilej",
                    "ru": "Сенгилей"
                },
                "path": "sengilej"
            },
            {
                "name": {
                    "en": "Novodevich'e",
                    "ru": "Новодевичье"
                },
                "path": "novodeviche"
            },
            {
                "name": {
                    "en": "Efremov",
                    "ru": "Ефремов"
                },
                "path": "efremov"
            },
            {
                "name": {
                    "en": "Falenki",
                    "ru": "Фаленки"
                },
                "path": "falenki"
            },
            {
                "name": {
                    "en": "Glazov",
                    "ru": "Глазов"
                },
                "path": "glazov"
            },
            {
                "name": {
                    "en": "Selty",
                    "ru": "Селты"
                },
                "path": "selty"
            },
            {
                "name": {
                    "en": "Ekaterinburg",
                    "ru": "Екатеринбург"
                },
                "path": "ekaterinburg"
            },
            {
                "name": {
                    "en": "Istok",
                    "ru": "Исток"
                },
                "path": "istok"
            },
            {
                "name": {
                    "en": "Verhnee Dubrovo",
                    "ru": "Верхнее Дуброво"
                },
                "path": "verhnee-dubrovo"
            },
            {
                "name": {
                    "en": "Sysert'",
                    "ru": "Сысерть"
                },
                "path": "sysert"
            },
            {
                "name": {
                    "en": "Kamensk-Ural'skij",
                    "ru": "Каменск-Уральский"
                },
                "path": "kamensk-uralskij"
            },
            {
                "name": {
                    "en": "Kamyshlov",
                    "ru": "Камышлов"
                },
                "path": "kamyshlov"
            },
            {
                "name": {
                    "en": "Njazepetrovsk",
                    "ru": "Нязепетровск"
                },
                "path": "njazepetrovsk"
            },
            {
                "name": {
                    "en": "Verhnij Ufalej",
                    "ru": "Верхний Уфалей"
                },
                "path": "verhnij-ufalej"
            },
            {
                "name": {
                    "en": "Argajash",
                    "ru": "Аргаяш"
                },
                "path": "argajash"
            },
            {
                "name": {
                    "en": "Brodokalmak",
                    "ru": "Бродокалмак"
                },
                "path": "brodokalmak"
            },
            {
                "name": {
                    "en": "Pavlovka",
                    "ru": "Павловка"
                },
                "path": "pavlovka"
            },
            {
                "name": {
                    "en": "Kushnarenkovo",
                    "ru": "Кушнаренково"
                },
                "path": "kushnarenkovo"
            },
            {
                "name": {
                    "en": "Ulu-Teljak",
                    "ru": "Улу-Теляк"
                },
                "path": "ulu-teljak"
            },
            {
                "name": {
                    "en": "Zlatoust",
                    "ru": "Златоуст"
                },
                "path": "zlatoust"
            },
            {
                "name": {
                    "en": "Cheljabinsk",
                    "ru": "Челябинск"
                },
                "path": "cheljabinsk"
            },
            {
                "name": {
                    "en": "Miass",
                    "ru": "Миасс"
                },
                "path": "miass"
            },
            {
                "name": {
                    "en": "Chelno-Vershiny",
                    "ru": "Челно-Вершины"
                },
                "path": "chelno-vershiny"
            },
            {
                "name": {
                    "en": "Ufa",
                    "ru": "Уфа"
                },
                "path": "ufa"
            },
            {
                "name": {
                    "en": "Chishmy",
                    "ru": "Чишмы"
                },
                "path": "chishmy"
            },
            {
                "name": {
                    "en": "Ufa-Dyoma",
                    "ru": "Уфа-Дёма"
                },
                "path": "ufa-dyoma"
            },
            {
                "name": {
                    "en": "Samara (OGMS)",
                    "ru": "Самара (ОГМС)"
                },
                "path": "samara-ogms-"
            },
            {
                "name": {
                    "en": "Baturino",
                    "ru": "Батурино"
                },
                "path": "baturino"
            },
            {
                "name": {
                    "en": "Molchanovo",
                    "ru": "Молчаново"
                },
                "path": "molchanovo"
            },
            {
                "name": {
                    "en": "Pervomajskoe",
                    "ru": "Первомайское"
                },
                "path": "pervomajskoe"
            },
            {
                "name": {
                    "en": "Tomsk",
                    "ru": "Томск"
                },
                "path": "tomsk"
            },
            {
                "name": {
                    "en": "Bol'shaja Murta",
                    "ru": "Большая Мурта"
                },
                "path": "bolshaja-murta"
            },
            {
                "name": {
                    "en": "Suhobuzimskoe",
                    "ru": "Сухобузимское"
                },
                "path": "suhobuzimskoe"
            },
            {
                "name": {
                    "en": "Dzerzhinskoe",
                    "ru": "Дзержинское"
                },
                "path": "dzerzhinskoe"
            },
            {
                "name": {
                    "en": "Kozhevnikovo",
                    "ru": "Кожевниково"
                },
                "path": "kozhevnikovo"
            },
            {
                "name": {
                    "en": "Bolotnoe",
                    "ru": "Болотное"
                },
                "path": "bolotnoe"
            },
            {
                "name": {
                    "en": "Jaja",
                    "ru": "Яя"
                },
                "path": "jaja"
            },
            {
                "name": {
                    "en": "Tajga",
                    "ru": "Тайга"
                },
                "path": "tajga"
            },
            {
                "name": {
                    "en": "Kemchug",
                    "ru": "Кемчуг"
                },
                "path": "kemchug"
            },
            {
                "name": {
                    "en": "Kacha",
                    "ru": "Кача"
                },
                "path": "kacha"
            },
            {
                "name": {
                    "en": "Shumiha-Divnogorsk",
                    "ru": "Шумиха-Дивногорск"
                },
                "path": "shumiha-divnogorsk"
            },
            {
                "name": {
                    "en": "Kpacnojapck",
                    "ru": "Кpacнoяpcк"
                },
                "path": "kpacnojapck"
            },
            {
                "name": {
                    "en": "Ujar",
                    "ru": "Уяр"
                },
                "path": "ujar"
            },
            {
                "name": {
                    "en": "Shalinskoe",
                    "ru": "Шалинское"
                },
                "path": "shalinskoe"
            },
            {
                "name": {
                    "en": "Soljanka",
                    "ru": "Солянка"
                },
                "path": "soljanka"
            },
            {
                "name": {
                    "en": "Chulym",
                    "ru": "Чулым"
                },
                "path": "chulym"
            },
            {
                "name": {
                    "en": "Kochenevo",
                    "ru": "Коченево"
                },
                "path": "kochenevo"
            },
            {
                "name": {
                    "en": "Kolyvan'",
                    "ru": "Колывань"
                },
                "path": "kolyvan"
            },
            {
                "name": {
                    "en": "Ogurcovo",
                    "ru": "Огурцово"
                },
                "path": "ogurcovo"
            },
            {
                "name": {
                    "en": "Balahta",
                    "ru": "Балахта"
                },
                "path": "balahta"
            },
            {
                "name": {
                    "en": "Borzja",
                    "ru": "Борзя"
                },
                "path": "borzja"
            },
            {
                "name": {
                    "en": "Zabajkal'sk",
                    "ru": "Забайкальск"
                },
                "path": "zabajkalsk"
            },
            {
                "name": {
                    "en": "Aleksandrovskij Zavod",
                    "ru": "Александровский Завод"
                },
                "path": "aleksandrovskij-zavod"
            },
            {
                "name": {
                    "en": "Priargunsk",
                    "ru": "Приаргунск"
                },
                "path": "priargunsk"
            },
            {
                "name": {
                    "en": "Krasnokamensk",
                    "ru": "Краснокаменск"
                },
                "path": "krasnokamensk"
            },
            {
                "name": {
                    "en": "Kajlastuj",
                    "ru": "Кайластуй"
                },
                "path": "kajlastuj"
            },
            {
                "name": {
                    "en": "Ohotsk",
                    "ru": "Охотск"
                },
                "path": "ohotsk"
            },
            {
                "name": {
                    "en": "Talon",
                    "ru": "Талон"
                },
                "path": "talon"
            },
            {
                "name": {
                    "en": "Nel'kan",
                    "ru": "Нелькан"
                },
                "path": "nelkan"
            },
            {
                "name": {
                    "en": "Ajan",
                    "ru": "Аян"
                },
                "path": "ajan"
            },
            {
                "name": {
                    "en": "Nikolaevsk-Na-Amure",
                    "ru": "Николаевск-На-Амуре"
                },
                "path": "nikolaevsk-na-amure"
            },
            {
                "name": {
                    "en": "Im.Poliny Osipenko",
                    "ru": "Им.Полины Осипенко"
                },
                "path": "im-poliny-osipenko"
            },
            {
                "name": {
                    "en": "Udinskoe",
                    "ru": "Удинское"
                },
                "path": "udinskoe"
            },
            {
                "name": {
                    "en": "Bogorodskoe",
                    "ru": "Богородское"
                },
                "path": "bogorodskoe"
            },
            {
                "name": {
                    "en": "Chegdomyn",
                    "ru": "Чегдомын"
                },
                "path": "chegdomyn"
            },
            {
                "name": {
                    "en": "Gorin",
                    "ru": "Горин"
                },
                "path": "gorin"
            },
            {
                "name": {
                    "en": "Sutur-Tyrma",
                    "ru": "Сутур-Тырма"
                },
                "path": "sutur-tyrma"
            },
            {
                "name": {
                    "en": "Hurba",
                    "ru": "Хурба"
                },
                "path": "hurba"
            },
            {
                "name": {
                    "en": "Komsomol'sk-Na-Amure",
                    "ru": "Комсомольск-На-Амуре"
                },
                "path": "komsomolsk-na-amure"
            },
            {
                "name": {
                    "en": "Troickoe",
                    "ru": "Троицкое"
                },
                "path": "troickoe"
            },
            {
                "name": {
                    "en": "Tumnin",
                    "ru": "Тумнин"
                },
                "path": "tumnin"
            },
            {
                "name": {
                    "en": "Ekaterino-Nikol'skoe",
                    "ru": "Екатерино-Никольское"
                },
                "path": "ekaterino-nikolskoe"
            },
            {
                "name": {
                    "en": "Leninskoe",
                    "ru": "Ленинское"
                },
                "path": "leninskoe"
            },
            {
                "name": {
                    "en": "Birobidzhan",
                    "ru": "Биробиджан"
                },
                "path": "birobidzhan"
            },
            {
                "name": {
                    "en": "Elabuga",
                    "ru": "Елабуга"
                },
                "path": "elabuga"
            },
            {
                "name": {
                    "en": "Habarovsk",
                    "ru": "Хабаровск"
                },
                "path": "habarovsk"
            },
            {
                "name": {
                    "en": "Vjazemskaja",
                    "ru": "Вяземская"
                },
                "path": "vjazemskaja"
            },
            {
                "name": {
                    "en": "Lermontovka",
                    "ru": "Лермонтовка"
                },
                "path": "lermontovka"
            },
            {
                "name": {
                    "en": "Georgievka",
                    "ru": "Георгиевка"
                },
                "path": "georgievka"
            },
            {
                "name": {
                    "en": "Bikin",
                    "ru": "Бикин"
                },
                "path": "bikin"
            },
            {
                "name": {
                    "en": "Ternej",
                    "ru": "Терней"
                },
                "path": "ternej"
            },
            {
                "name": {
                    "en": "Poltavka",
                    "ru": "Полтавка"
                },
                "path": "poltavka"
            },
            {
                "name": {
                    "en": "Rudnaja Pristan'",
                    "ru": "Рудная Пристань"
                },
                "path": "rudnaja-pristan"
            },
            {
                "name": {
                    "en": "Oha",
                    "ru": "Оха"
                },
                "path": "oha"
            },
            {
                "name": {
                    "en": "Val",
                    "ru": "Вал"
                },
                "path": "val"
            },
            {
                "name": {
                    "en": "Nogliki",
                    "ru": "Ноглики"
                },
                "path": "nogliki"
            },
            {
                "name": {
                    "en": "Aleksandrovsk-Sahalinskij",
                    "ru": "Александровск-Сахалинский"
                },
                "path": "aleksandrovsk-sahalinskij"
            },
            {
                "name": {
                    "en": "Pil'vo",
                    "ru": "Пильво"
                },
                "path": "pilvo"
            },
            {
                "name": {
                    "en": "Onor",
                    "ru": "Онор"
                },
                "path": "onor"
            },
            {
                "name": {
                    "en": "Uglegorsk",
                    "ru": "Углегорск"
                },
                "path": "uglegorsk"
            },
            {
                "name": {
                    "en": "Poronajsk",
                    "ru": "Поронайск"
                },
                "path": "poronajsk"
            },
            {
                "name": {
                    "en": "Makarov",
                    "ru": "Макаров"
                },
                "path": "makarov"
            },
            {
                "name": {
                    "en": "Holmsk",
                    "ru": "Холмск"
                },
                "path": "holmsk"
            },
            {
                "name": {
                    "en": "Dolinsk",
                    "ru": "Долинск"
                },
                "path": "dolinsk"
            },
            {
                "name": {
                    "en": "Ogon'ki",
                    "ru": "Огоньки"
                },
                "path": "ogonki"
            },
            {
                "name": {
                    "en": "Nevel'sk",
                    "ru": "Невельск"
                },
                "path": "nevelsk"
            },
            {
                "name": {
                    "en": "Juzhno-Sahalinsk",
                    "ru": "Южно-Сахалинск"
                },
                "path": "juzhno-sahalinsk"
            },
            {
                "name": {
                    "en": "Korsakov",
                    "ru": "Корсаков"
                },
                "path": "korsakov"
            },
            {
                "name": {
                    "en": "Juzhno-Kuril'sk",
                    "ru": "Южно-Курильск"
                },
                "path": "juzhno-kurilsk"
            },
            {
                "name": {
                    "en": "Malokuril'skoe",
                    "ru": "Малокурильское"
                },
                "path": "malokurilskoe"
            },
            {
                "name": {
                    "en": "Severo-Kuril'sk",
                    "ru": "Северо-Курильск"
                },
                "path": "severo-kurilsk"
            },
            {
                "name": {
                    "en": "Sarny",
                    "ru": "Сарны"
                },
                "path": "sarny"
            },
            {
                "name": {
                    "en": "Ryl'sk",
                    "ru": "Рыльск"
                },
                "path": "rylsk"
            },
            {
                "name": {
                    "en": "Razdol'noe",
                    "ru": "Раздольное"
                },
                "path": "razdolnoe"
            },
            {
                "name": {
                    "en": "Chernomorskoe",
                    "ru": "Черноморское"
                },
                "path": "chernomorskoe"
            },
            {
                "name": {
                    "en": "Evpatorija",
                    "ru": "Евпатория"
                },
                "path": "evpatorija"
            },
            {
                "name": {
                    "en": "Ishun'",
                    "ru": "Ишунь"
                },
                "path": "ishun"
            },
            {
                "name": {
                    "en": "Dzhankoj",
                    "ru": "Джанкой"
                },
                "path": "dzhankoj"
            },
            {
                "name": {
                    "en": "Klepinino",
                    "ru": "Клепинино"
                },
                "path": "klepinino"
            },
            {
                "name": {
                    "en": "Alushta",
                    "ru": "Алушта"
                },
                "path": "alushta"
            },
            {
                "name": {
                    "en": "Nizhnegorsk",
                    "ru": "Нижнегорск"
                },
                "path": "nizhnegorsk"
            },
            {
                "name": {
                    "en": "Krymskaja",
                    "ru": "Крымская"
                },
                "path": "krymskaja"
            },
            {
                "name": {
                    "en": "Vladislavovka",
                    "ru": "Владиславовка"
                },
                "path": "vladislavovka"
            },
            {
                "name": {
                    "en": "Feodosija",
                    "ru": "Феодосия"
                },
                "path": "feodosija"
            },
            {
                "name": {
                    "en": "Mysovoe",
                    "ru": "Мысовое"
                },
                "path": "mysovoe"
            },
            {
                "name": {
                    "en": "Kerch'",
                    "ru": "Керчь"
                },
                "path": "kerch"
            },
            {
                "name": {
                    "en": "Jalta",
                    "ru": "Ялта"
                },
                "path": "jalta"
            },
            {
                "name": {
                    "en": "Sevastopol'",
                    "ru": "Севастополь"
                },
                "path": "sevastopol"
            },
            {
                "name": {
                    "en": "Fatezh",
                    "ru": "Фатеж"
                },
                "path": "fatezh"
            },
            {
                "name": {
                    "en": "Kursk",
                    "ru": "Курск"
                },
                "path": "kursk"
            },
            {
                "name": {
                    "en": "Kon'-Kolodez'",
                    "ru": "Конь-Колодезь"
                },
                "path": "kon-kolodez"
            },
            {
                "name": {
                    "en": "Petrovsk",
                    "ru": "Петровск"
                },
                "path": "petrovsk"
            },
            {
                "name": {
                    "en": "Karabulak",
                    "ru": "Карабулак"
                },
                "path": "karabulak"
            },
            {
                "name": {
                    "en": "Hvalynsk",
                    "ru": "Хвалынск"
                },
                "path": "hvalynsk"
            },
            {
                "name": {
                    "en": "Balakovo",
                    "ru": "Балаково"
                },
                "path": "balakovo"
            },
            {
                "name": {
                    "en": "Pugachev",
                    "ru": "Пугачев"
                },
                "path": "pugachev"
            },
            {
                "name": {
                    "en": "Kurchatov",
                    "ru": "Курчатов"
                },
                "path": "kurchatov"
            },
            {
                "name": {
                    "en": "Obojan'",
                    "ru": "Обоянь"
                },
                "path": "obojan"
            },
            {
                "name": {
                    "en": "Nizhnedevick",
                    "ru": "Нижнедевицк"
                },
                "path": "nizhnedevick"
            },
            {
                "name": {
                    "en": "Voronezh",
                    "ru": "Воронеж"
                },
                "path": "voronezh"
            },
            {
                "name": {
                    "en": "Novovoronezh",
                    "ru": "Нововоронеж"
                },
                "path": "novovoronezh"
            },
            {
                "name": {
                    "en": "Oktjabr'skij Gorodok",
                    "ru": "Октябрьский Городок"
                },
                "path": "oktjabrskij-gorodok"
            },
            {
                "name": {
                    "en": "Marks",
                    "ru": "Маркс"
                },
                "path": "marks"
            },
            {
                "name": {
                    "en": "Saratov JuV",
                    "ru": "Саратов ЮВ"
                },
                "path": "saratov-juv"
            },
            {
                "name": {
                    "en": "Ershov",
                    "ru": "Ершов"
                },
                "path": "ershov"
            },
            {
                "name": {
                    "en": "Liski(Georgiu-Dezh)",
                    "ru": "Лиски(Георгиу-Деж)"
                },
                "path": "liski-georgiu-dezh-"
            },
            {
                "name": {
                    "en": "Anna",
                    "ru": "Анна"
                },
                "path": "anna"
            },
            {
                "name": {
                    "en": "Ilovlja",
                    "ru": "Иловля"
                },
                "path": "ilovlja"
            },
            {
                "name": {
                    "en": "Morozovsk",
                    "ru": "Морозовск"
                },
                "path": "morozovsk"
            },
            {
                "name": {
                    "en": "Nizhnij Chir",
                    "ru": "Нижний Чир"
                },
                "path": "nizhnij-chir"
            },
            {
                "name": {
                    "en": "Volgograd (SHI)",
                    "ru": "Волгоград (СХИ)"
                },
                "path": "volgograd-shi-"
            },
            {
                "name": {
                    "en": "Matveev-Kurgan",
                    "ru": "Матвеев-Курган"
                },
                "path": "matveev-kurgan"
            },
            {
                "name": {
                    "en": "Shahty",
                    "ru": "Шахты"
                },
                "path": "shahty"
            },
            {
                "name": {
                    "en": "Semikarakorsk",
                    "ru": "Семикаракорск"
                },
                "path": "semikarakorsk"
            },
            {
                "name": {
                    "en": "Konstantinovsk",
                    "ru": "Константиновск"
                },
                "path": "konstantinovsk"
            },
            {
                "name": {
                    "en": "Cimljansk",
                    "ru": "Цимлянск"
                },
                "path": "cimljansk"
            },
            {
                "name": {
                    "en": "Kotel'nikovo",
                    "ru": "Котельниково"
                },
                "path": "kotelnikovo"
            },
            {
                "name": {
                    "en": "Taganrog",
                    "ru": "Таганрог"
                },
                "path": "taganrog"
            },
            {
                "name": {
                    "en": "Rostov-Na-Donu",
                    "ru": "Ростов-На-Дону"
                },
                "path": "rostov-na-donu"
            },
            {
                "name": {
                    "en": "Zimovniki",
                    "ru": "Зимовники"
                },
                "path": "zimovniki"
            },
            {
                "name": {
                    "en": "Primorsko-Ahtarsk",
                    "ru": "Приморско-Ахтарск"
                },
                "path": "primorsko-ahtarsk"
            },
            {
                "name": {
                    "en": "Cherkessk",
                    "ru": "Черкесск"
                },
                "path": "cherkessk"
            },
            {
                "name": {
                    "en": "Mineral'nye Vody",
                    "ru": "Минеральные Воды"
                },
                "path": "mineralnye-vody"
            },
            {
                "name": {
                    "en": "Prohladnaja",
                    "ru": "Прохладная"
                },
                "path": "prohladnaja"
            },
            {
                "name": {
                    "en": "Kizljar",
                    "ru": "Кизляр"
                },
                "path": "kizljar"
            },
            {
                "name": {
                    "en": "Nal'chik",
                    "ru": "Нальчик"
                },
                "path": "nalchik"
            },
            {
                "name": {
                    "en": "Hasavjurt",
                    "ru": "Хасавюрт"
                },
                "path": "hasavjurt"
            }
        ],
        "description": {
            "ru": "Единая государственная автоматизированная система мониторинга радиационной обстановки на территории Российской Федерации"
        },
        "name": {
            "en": "EGASMRO",
            "ru": "ЕГАСМРО"
        },
        "type": "br",
        "url": {
            "domain": "egasmro.ru",
            "root": {
                "ru": "http://egasmro.ru/ru/"
            }
        }
    }
]
